Data,Turno,Mandante,Placar do Mandante,Placar do Visitante,Visitante,Estádio,Horário,Gols do Mandante,Gols do Visitante,Público,Árbitro,Renda (R$)
14/04/2018,1,Cruzeiro,0,1,Grêmio,"Estádio Mineirão, Belo Horizonte",16:00,,54' André,15446, PR Rodolpho Toski Marques,418305.0
14/04/2018,1,Vitória,2,2,Flamengo,"Estádio Barradão, Salvador",19:00,Yago 13' (pen) Denílson 76',1' Lucas Paquetá 72' Réver,12669, MT Wagner Reway,238994.0
14/04/2018,1,Santos,2,0,Ceará,"Estádio do Pacaembu, São Paulo",21:00,Pio 41' Rodrygo 49',,12268, SC Rodrigo D'Alonso Ferreira,526550.0
15/04/2018,1,América Mineiro,3,0,Sport,"Estádio Independência, Belo Horizonte",11:00,"Serginho 1', 40' Carlinhos 36'",,3230, DF Sávio Pereira Sampaio,36293.0
15/04/2018,1,Internacional,2,0,Bahia,"Estádio Beira-Rio, Porto Alegre",16:00,"Nico López 37', 60'",,18460, GO Eduardo Tomaz de Aquino Valadão,796275.0
15/04/2018,1,Vasco da Gama,2,1,Atlético Mineiro,"Estádio São Januário, Rio de Janeiro",16:00,Wagner 85' Yago Pikachu 90+8' (pen),12' Otero,6349, GO André Luiz de Freitas Castro,176600.0
15/04/2018,1,Corinthians,2,1,Fluminense,"Arena Corinthians, São Paulo",16:00,"Rodriguinho 45', 85'",49' Richard,28777, RS Anderson Daronco,1372018.07
15/04/2018,1,Atlético Paranaense,5,1,Chapecoense,"Arena da Baixada, Curitiba",19:00,Pablo 51' Nikão 58' Thiago Carleto 67' Matheus Rossetto 87' Éderson 90+2',47' Wellington Paulista,8395, PA Dewson Fernando Freitas da Silva,130015.0
16/04/2018,1,Botafogo,1,1,Palmeiras,"Estádio Engenhão, Rio de Janeiro",20:00,Igor Rabello 82',54' Guerra,7020, MG Ricardo Marques Ribeiro,207880.0
16/04/2018,1,São Paulo,1,0,Paraná,"Estádio do Morumbi, São Paulo",20:00,Bruno Alves 37',,11327, SC Bráulio da Silva Machado,338295.0
21/04/2018,1,Bahia,1,0,Santos,"Arena Fonte Nova, Salvador",16:00,Júnior Brumado 90+3',,15558, SE Cláudio Francisco,317748.0
21/04/2018,1,Flamengo,2,0,América Mineiro,"Estádio do Maracanã, Rio de Janeiro",19:00,"Henrique Dourado 28', 35' (pen)",,47175, SP Leandro Bizzio Marinho,1641395.0
22/04/2018,1,Paraná,0,4,Corinthians,"Estádio Vila Capanema, Curitiba",11:00,,25' Rodriguinho 26' Sidcley 79' Clayson 85' Gabriel,15714, PE Péricles Bassols,632120.0
22/04/2018,1,Atlético Mineiro,2,1,Vitória,"Estádio Independência, Belo Horizonte",16:00,Ricardo Oliveira 19' Róger Guedes 72',86' Gabriel,10423, RJ Grazianni Maciel Rocha,128294.0
22/04/2018,1,Fluminense,1,0,Cruzeiro,"Estádio do Maracanã, Rio de Janeiro",16:00,Pedro 48',,8671, SP Flávio Rodrigues de Souza,263145.0
22/04/2018,1,Chapecoense,1,1,Vasco da Gama,"Arena Condá, Chapecó",16:00,Wellington Paulista 18',54' Ríos,8075, SP Luiz Flávio de Oliveira,193270.0
22/04/2018,1,Ceará,0,0,São Paulo,"Estádio Castelão, Fortaleza",16:00,,,29186, PR Paulo Roberto Alves Júnior,743600.0
22/04/2018,1,Palmeiras,1,0,Internacional,"Estádio do Pacaembu, São Paulo",16:00,Dudu 39',,23236, RJ Marcelo de Lima Henrique,717950.0
22/04/2018,1,Grêmio,0,0,Atlético Paranaense,"Arena do Grêmio, Porto Alegre",19:00,,,22049, SP Raphael Claus,688660.0
23/04/2018,1,Sport,1,1,Botafogo,"Estádio Ilha do Retiro, Recife",20:00,Everton Felipe 85',90+2' Rodrigo Lindoso,5151, PR Rafael Traci,101020.0
28/04/2018,1,Botafogo,2,1,Grêmio,"Estádio Engenhão, Rio de Janeiro",16:00,Brenner 35' Gilson 90+1',37' Igor Rabello,8498, SP Vinícius Gonçalves Dias Araújo,248845.0
29/04/2018,1,Ceará,0,3,Flamengo,"Estádio Castelão, Fortaleza",16:00,,"41', 52' Vinícius Júnior 70' Diego",51952, RS Anderson Daronco,1636169.0
29/04/2018,1,Fluminense,1,1,São Paulo,"Estádio do Maracanã, Rio de Janeiro",16:00,Pedro 88',22' Éder Militão,17211, PR Rodolpho Toski Marques,565405.0
29/04/2018,1,Atlético Mineiro,1,0,Corinthians,"Estádio Independência, Belo Horizonte",16:00,Róger Guedes 86',,19825, PA Dewson Fernando Freitas da Silva,598085.0
29/04/2018,1,Paraná,1,2,Sport,"Estádio Vila Capanema, Curitiba",16:00,Jhonny Lucas 89',7' Rogério 48' Marlone,7604, RS Daniel Nobre Bins,172105.0
29/04/2018,1,Bahia,0,0,Atlético Paranaense,"Arena Fonte Nova, Salvador",16:00,,,16235, MG Ricardo Marques Ribeiro,312815.0
29/04/2018,1,Palmeiras,0,0,Chapecoense,"Allianz Parque, São Paulo",16:00,,,30671, MG Igor Junio Benevenuto,1749825.94
29/04/2018,1,Internacional,0,0,Cruzeiro,"Estádio Beira-Rio, Porto Alegre",19:00,,,18445, RJ Wagner do Nascimento Magalhães,816055.0
30/04/2018,1,América Mineiro,2,1,Vitória,"Estádio Independência, Belo Horizonte",20:00,Marquinhos 6' Rafael Moura 34',75' Pedro Botelho,5113, SP Vinícius Furlan,60890.0
27/09/2018,1,Santos,1,1,Vasco da Gama,"Estádio do Pacaembu, São Paulo",20:00,Diego Pituca 43',78' Ríos,11190, MT Wagner Reway,318336.5
5/05/2018,1,São Paulo,2,2,Atlético Mineiro,"Estádio do Morumbi, São Paulo",19:00,Éverton 24' Diego Souza 80',70' Róger Guedes 77' Ricardo Oliveira,31976, PR Rafael Traci,788822.0
5/05/2018,1,Vasco da Gama,4,1,América Mineiro,"Estádio São Januário, Rio de Janeiro",19:00,Bruno Cosendey 57' Caio Monteiro 63' Ríos 79' Kelvin 90+1',35' (pen) Rafael Moura,3311, SP Flávio Rodrigues de Souza,91950.0
6/05/2018,1,Corinthians,1,1,Ceará,"Arena Corinthians, São Paulo",11:00,Henrique 39',8' Wescley,40350, DF Sávio Pereira Sampaio,2416706.37
6/05/2018,1,Flamengo,2,0,Internacional,"Estádio do Maracanã, Rio de Janeiro",16:00,Lucas Paquetá 70' Éverton Ribeiro 86',,55283, SP Luiz Flávio de Oliveira,1415585.0
6/05/2018,1,Cruzeiro,1,0,Botafogo,"Estádio Mineirão, Belo Horizonte",16:00,Dedé 71',,15792, SP Leandro Bizzio Marinho,391830.0
6/05/2018,1,Atlético Paranaense,1,3,Palmeiras,"Arena da Baixada, Curitiba",16:00,Pablo 89',43' Bruno Henrique 59' Marcos Rocha 84' Willian,19077, SE Cláudio Francisco,733565.0
6/05/2018,1,Vitória,1,2,Fluminense,"Estádio Barradão, Salvador",16:00,Neilton 20',72' Pablo Dyego 85' Gilberto,6652, SC Rodrigo D'Alonso Ferreira,66159.5
6/05/2018,1,Sport,2,0,Bahia,"Estádio Ilha do Retiro, Recife",19:00,Douglas Friedrich 44' Cláudio Winck 48',,11699, RJ Grazianni Maciel Rocha,249050.0
6/05/2018,1,Grêmio,5,1,Santos,"Arena do Grêmio, Porto Alegre",19:00,"Maicon 31', 54' Everton 45+1' André 69' Arthur 79'",32' Jean Mota,25779, PE Péricles Bassols,822996.0
7/05/2018,1,Chapecoense,1,1,Paraná,"Arena Condá, Chapecó",20:00,Arthur 63',68' Carlos,7288, SP Raphael Claus,155770.0
12/05/2018,1,Grêmio,0,0,Internacional,"Arena do Grêmio, Porto Alegre",16:00,,,48035, GO Wilton Pereira Sampaio,2094717.0
13/05/2018,1,Cruzeiro,2,0,Sport,"Estádio Mineirão, Belo Horizonte",11:00,Dedé 45+1' Arrascaeta 55',,16303, RJ Bruno Arleu de Araújo,407831.0
13/05/2018,1,Chapecoense,3,2,Flamengo,"Arena Condá, Chapecó",16:00,Canteros 23' Guilherme 63' (pen) Leandro Pereira 90',49' Guerrero 78' Vinícius Júnior,10242, RS Leandro Pedro Vuaden,400565.0
13/05/2018,1,Vasco da Gama,2,3,Vitória,"Estádio São Januário, Rio de Janeiro",16:00,Yago Pikachu 40' (pen) Ríos 82',17' André Lima 71' Lucas 76' Werley,3143, RS Jean Pierre Gonçalves Lima,81630.0
13/05/2018,1,Atlético Paranaense,1,2,Atlético Mineiro,"Arena da Baixada, Curitiba",16:00,Pablo 31',54' Bremer 65' Róger Guedes,7505, SP Luiz Flávio de Oliveira,115685.0
13/05/2018,1,Bahia,2,2,São Paulo,"Arena Fonte Nova, Salvador",16:00,"Edigar Junio 12' (pen), 38'",31' Tréllez 90+2' Shaylon,20847, PA Dewson Fernando Freitas da Silva,529597.0
13/05/2018,1,Corinthians,1,0,Palmeiras,"Arena Corinthians, São Paulo",16:00,Rodriguinho 38',,34967, RS Anderson Daronco,2006830.26
13/05/2018,1,Santos,3,1,Paraná,"Estádio Vila Belmiro, Santos",19:00,"Rodrygo 46' Gabriel 58', 75'",90+2' Silvinho,3971, MT Wagner Reway,140110.0
14/05/2018,1,Botafogo,2,1,Fluminense,"Estádio Engenhão, Rio de Janeiro",20:00,Rodrigo Lindoso 27' Kieza 64',33' Pedro,8931, SP Raphael Claus,250140.0
14/05/2018,1,Ceará,2,2,América Mineiro,"Estádio Castelão, Fortaleza",20:00,Elton 38' Pio 90+3' (pen),"3', 30' Giovanni",13898, GO Eduardo Tomaz de Aquino Valadão,84285.0
19/05/2018,1,Atlético Mineiro,1,0,Cruzeiro,"Estádio Independência, Belo Horizonte",16:00,Róger Guedes 61',,14595, SP Raphael Claus,629360.0
19/05/2018,1,Flamengo,1,1,Vasco da Gama,"Estádio do Maracanã, Rio de Janeiro",19:00,Vinícius Júnior 13',17' Wagner,32536, MG Ricardo Marques Ribeiro,1103010.0
19/05/2018,1,Palmeiras,3,0,Bahia,"Allianz Parque, São Paulo",21:00,Willian 2' Antônio Carlos 32' Borja 41',,26351, PR Rafael Traci,1517906.22
20/05/2018,1,Vitória,2,1,Ceará,"Estádio Barradão, Salvador",11:00,Wallyson 20' Neilton 84' (pen),75' Wescley,8371, RJ Marcelo de Lima Henrique,101934.0
20/05/2018,1,São Paulo,1,0,Santos,"Estádio do Morumbi, São Paulo",16:00,Diego Souza 55',,40565, SC Bráulio da Silva Machado,954725.0
20/05/2018,1,Paraná,0,0,Grêmio,"Estádio Vila Capanema, Curitiba",16:00,,,7776, DF Rodrigo Batista Raposo,252240.0
20/05/2018,1,Sport,1,1,Corinthians,"Arena Pernambuco, São Lourenço da Mata",16:00,Carlos Henrique 83',54' Roger,25114, GO Wilton Pereira Sampaio,593910.0
20/05/2018,1,América Mineiro,1,0,Botafogo,"Estádio Independência, Belo Horizonte",16:00,Juninho 78',,4062, PR Rodolpho Toski Marques,54259.0
20/05/2018,1,Fluminense,2,0,Atlético Paranaense,"Estádio do Maracanã, Rio de Janeiro",19:00,Thiago Heleno 23' Marcos Júnior 35',,8364, MG Igor Junio Benevenuto,238835.0
21/05/2018,1,Internacional,3,0,Chapecoense,"Estádio Beira-Rio, Porto Alegre",20:00,Lucca 39' Rodrigo Moledo 64' Patrick 84',,13082, SP Flávio Rodrigues de Souza,480225.0
26/05/2018,1,Fluminense,3,1,Chapecoense,"Estádio do Maracanã, Rio de Janeiro",16:00,"Pedro 22', 87' Marcos Júnior 26'",50' Arthur,13165, PR Rafael Traci,395375.0
26/05/2018,1,Palmeiras,2,3,Sport,"Allianz Parque, São Paulo",19:00,Keno 32' Hyoran 81',"50', 72' Anselmo 86' Rafael Marques",25947, PA Dewson Fernando Freitas da Silva,1506726.18
26/05/2018,1,Atlético Mineiro,0,1,Flamengo,"Estádio Independência, Belo Horizonte",21:00,,79' Éverton Ribeiro,14840, RS Anderson Daronco,561325.0
27/05/2018,1,Paraná,0,0,Atlético Paranaense,"Estádio Vila Capanema, Curitiba",11:00,,,6446, SP Vinícius Gonçalves Dias Araújo,146405.0
27/05/2018,1,Santos,0,1,Cruzeiro,"Estádio do Pacaembu, São Paulo",16:00,,75' Bruno Silva,8504, PR Paulo Roberto Alves Junior,349730.0
27/05/2018,1,Bahia,3,0,Vasco da Gama,"Arena Fonte Nova, Salvador",16:00,Élber 76' Zé Rafael 87' Régis 90+1',,15031, PR Rodolpho Toski Marques,292051.0
27/05/2018,1,Internacional,2,1,Corinthians,"Estádio Beira-Rio, Porto Alegre",16:00,Leandro Damião 63' Rossi 90+1',4' Mateus Vital,27621, PE Péricles Bassols,795765.0
27/05/2018,1,Botafogo,1,1,Vitória,"Estádio Engenhão, Rio de Janeiro",16:00,Kieza 43',38' Denílson,4759, SP Flávio Rodrigues de Souza,129145.0
27/05/2018,1,Ceará,0,1,Grêmio,"Estádio Castelão, Fortaleza",19:00,,81' Thonny Anderson,14012, MT Wagner Reway,128138.0
27/05/2018,1,América Mineiro,1,3,São Paulo,"Estádio Independência, Belo Horizonte",19:00,Rafael Moura 12',"8' Diego Souza 45+3' (pen), 61' Nenê",3883, RJ Bruno Arleu de Araújo,64570.0
30/05/2018,1,Vitória,2,3,Internacional,"Estádio Barradão, Salvador",19:30,Wallyson 45' Aderllan 58',24' Patrick 38' Aderllan 90+3' Nico López,5591, SP Raphael Claus,52101.0
30/05/2018,1,Vasco da Gama,1,0,Paraná,"Estádio São Januário, Rio de Janeiro",19:30,Yago Pikachu 43',,4221, RS Leandro Pedro Vuaden,101875.0
30/05/2018,1,Sport,3,2,Atlético Mineiro,"Estádio Ilha do Retiro, Recife",19:30,Rogério 29' Gabriel 67' Michel Bastos 71' (pen),48' Cazares 65' Ricardo Oliveira,11609, RJ Wagner do Nascimento Magalhães,241945.0
30/05/2018,1,São Paulo,3,2,Botafogo,"Estádio do Morumbi, São Paulo",21:00,Nenê 17' (pen) Diego Souza 30' Éverton 45+4',15' Valencia 82' Rodrigo Pimpão,25427, GO Wilton Pereira Sampaio,547988.0
30/05/2018,1,Chapecoense,2,0,Ceará,"Arena Condá, Chapecó",21:00,Arthur 63' Canteros 78',,6464, MG Igor Junio Benevenuto,132850.0
30/05/2018,1,Grêmio,0,0,Fluminense,"Arena do Grêmio, Porto Alegre",21:45,,,18194, SP Luiz Flávio de Oliveira,510968.0
30/05/2018,1,Cruzeiro,1,0,Palmeiras,"Estádio Mineirão, Belo Horizonte",21:45,Rafael Sóbis 68',,16007, SC Bráulio da Silva Machado,365112.0
31/05/2018,1,Flamengo,2,0,Bahia,"Estádio do Maracanã, Rio de Janeiro",16:00,Diego 41' Lucas Paquetá 45',,50141, RS Jean Pierre Gonçalves Lima,1780859.0
31/05/2018,1,Corinthians,1,0,América Mineiro,"Arena Corinthians, São Paulo",18:00,Jádson 49',,34921, RJ Grazianni Maciel Rocha,1815526.96
31/05/2018,1,Atlético Paranaense,2,0,Santos,"Arena da Baixada, Curitiba",21:00,Thiago Heleno 17' Guilherme 53',,9204, DF Sávio Pereira Sampaio,181655.0
2/06/2018,1,Atlético Mineiro,3,3,Chapecoense,"Estádio Independência, Belo Horizonte",16:00,Ricardo Oliveira 21' Fábio Santos 36' (pen) Róger Guedes 59',20' Leandro Pereira 45+6' Arthur 64' (pen) Wellington Paulista,9156, RJ Bruno Arleu de Araújo,173475.0
2/06/2018,1,Internacional,0,0,Sport,"Estádio Beira-Rio, Porto Alegre",16:00,,,27454, SP Marcelo Aparecido Ribeiro de Souza,822680.0
2/06/2018,1,Vasco da Gama,1,2,Botafogo,"Estádio São Januário, Rio de Janeiro",19:00,Andrey 53',4' Kieza 35' Igor Rabello,8592, SP Raphael Claus,236400.0
2/06/2018,1,Palmeiras,3,1,São Paulo,"Allianz Parque, São Paulo",21:00,"Willian 55', 68' Dudu 70'",30' Edu Dracena,32841, PR Rodolpho Toski Marques,2172298.88
3/06/2018,1,Flamengo,1,0,Corinthians,"Estádio do Maracanã, Rio de Janeiro",16:00,Felipe Vizeu 80',,44075, RS Anderson Daronco,2033277.0
3/06/2018,1,Bahia,0,2,Grêmio,"Arena Fonte Nova, Salvador",16:00,,9' Maicon 90+3' Thaciano,15623, PE Péricles Bassols,285457.5
3/06/2018,1,Santos,5,2,Vitória,"Estádio Vila Belmiro, Santos",16:00,"Rodrygo 22', 25', 30' Renato 44' Gabriel 73'",62' Neilton 83' Ramon,3887, SC Rodrigo D'Alonso Ferreira,82830.0
3/06/2018,1,América Mineiro,3,1,Atlético Paranaense,"Estádio Independência, Belo Horizonte",16:00,"Serginho 39', 75' Ademir 88'",37' Thiago Carleto,3272, DF Rodrigo Batista Raposo,32230.0
3/06/2018,1,Ceará,0,1,Cruzeiro,"Estádio Castelão, Fortaleza",19:00,,19' Sassá,14522, RJ Rodrigo Carvalhaes de Miranda,71385.0
4/06/2018,1,Paraná,2,1,Fluminense,"Estádio Vila Capanema, Curitiba",20:00,Thiago Santos 53' (pen) Guilherme Biteco 88',90+3' Pablo Dyego,3491, SP Leandro Bizzio Marinho,69525.0
5/06/2018,1,São Paulo,0,0,Internacional,"Estádio do Morumbi, São Paulo",21:30,,,14730, PR Paulo Roberto Alves Júnior,324896.0
6/06/2018,1,Botafogo,0,0,Ceará,"Estádio Engenhão, Rio de Janeiro",19:30,,,7744, RS Leandro Pedro Vuaden,172220.0
6/06/2018,1,Vitória,1,0,Chapecoense,"Estádio Barradão, Salvador",19:30,Neilton 61',,5256, ES Dyorgines José Padovani de Andrade,46519.0
6/06/2018,1,Corinthians,1,1,Santos,"Arena Corinthians, São Paulo",21:00,Roger 51',74' Victor Ferraz,27586, MG Ricardo Marques Ribeiro,1249919.56
6/06/2018,1,Sport,1,0,Atlético Paranaense,"Estádio Ilha do Retiro, Recife",21:00,Fellipe Bastos 46',,13349, MG Igor Junio Benevenuto,288605.0
6/06/2018,1,Grêmio,0,2,Palmeiras,"Arena do Grêmio, Porto Alegre",21:45,,"67', 87' Willian",26566, PR Rafael Traci,889315.0
6/06/2018,1,Cruzeiro,1,1,Vasco da Gama,"Estádio Mineirão, Belo Horizonte",21:45,Raniel 61',22' Andrey,19442, SP Luiz Flávio de Oliveira,411772.0
7/06/2018,1,Fluminense,0,2,Flamengo,"Estádio Nacional, Brasília",20:00,,29' (pen) Henrique Dourado 79' Felipe Vizeu,60000, PA Dewson Fernando Freitas da Silva,3117575.0
7/06/2018,1,Paraná,1,0,Bahia,"Estádio Vila Capanema, Curitiba",20:00,Silvinho 66',,4153, RJ Marcelo de Lima Henrique,77635.0
7/06/2018,1,América Mineiro,1,3,Atlético Mineiro,"Estádio Independência, Belo Horizonte",21:00,Messias 52',12' Ricardo Oliveira 40' Cazares 89' Tomás Andrade,6509, SC Bráulio da Silva Machado,91850.0
9/06/2018,1,Atlético Paranaense,0,1,São Paulo,"Arena da Baixada, Curitiba",16:00,,60' (pen) Nenê,8527, RS Anderson Daronco,228490.0
9/06/2018,1,Chapecoense,2,0,Cruzeiro,"Arena Condá, Chapecó",19:00,Bruno Silva 79' Elicarlos 90+4',,6088, RJ Grazianni Maciel Rocha,136420.0
9/06/2018,1,Vasco da Gama,3,2,Sport,"Estádio São Januário, Rio de Janeiro",19:00,"Yago Pikachu 18', 45' (pen) Ramon 89'",42' Paulão 73' Michel Bastos,7535, DF Sávio Pereira Sampaio,161905.0
9/06/2018,1,Corinthians,0,0,Vitória,"Arena Corinthians, São Paulo",21:00,,,27744, PE Péricles Bassols,1212745.36
10/06/2018,1,Atlético Mineiro,5,2,Fluminense,"Estádio Independência, Belo Horizonte",16:00,"Leonardo Silva 34' Róger Guedes 45', 90+4' Tomás Andrade 63' Ricardo Oliveira 86'",28' Gilberto 45+2' Pedro,13413, SP Flávio Rodrigues de Souza,246095.0
10/06/2018,1,Bahia,3,3,Botafogo,"Arena Fonte Nova, Salvador",16:00,Régis 45+5' (pen) Vinícius 74' Allione 90+3',"12', 51' Kieza 84' Valencia",12479, SP Leandro Bizzio Marinho,189549.0
10/06/2018,1,Ceará,2,2,Palmeiras,"Estádio Castelão, Fortaleza",16:00,Felipe Azevedo 26' Elton 88',6' Thiago Santos 23' Dudu,32081, RS Jean Pierre Gonçalves Lima,959576.0
10/06/2018,1,Grêmio,1,0,América Mineiro,"Arena do Grêmio, Porto Alegre",16:00,Everton 31',,12953, SC Rodrigo D'Alonso Ferreira,372021.0
10/06/2018,1,Flamengo,2,0,Paraná,"Estádio do Maracanã, Rio de Janeiro",19:00,Diego 20' Felipe Vizeu 65',,54256, SP Marcelo Aparecido Ribeiro de Souza,1745965.0
10/06/2018,1,Santos,1,2,Internacional,"Estádio Vila Belmiro, Santos",19:00,Gabriel 50' (pen),32' (pen) Leandro Damião 52' Cuesta,8124, RJ Wagner do Nascimento Magalhães,179645.0
12/06/2018,1,São Paulo,3,0,Vitória,"Estádio do Morumbi, São Paulo",21:30,"Nenê 21', 42' Éverton 54'",,20456, MG Igor Junio Benevenuto,468038.0
13/06/2018,1,América Mineiro,0,0,Chapecoense,"Estádio Independência, Belo Horizonte",16:00,,,4757, PR Paulo Roberto Alves Júnior,35434.0
13/06/2018,1,Fluminense,0,1,Santos,"Estádio do Maracanã, Rio de Janeiro",19:00,,85' Bruno Henrique,6745, PR Rafael Traci,173580.0
13/06/2018,1,Paraná,1,1,Cruzeiro,"Estádio Vila Capanema, Curitiba",19:30,Silvinho 75',63' (pen) Rafael Sóbis,5131, PA Dewson Fernando Freitas da Silva,110050.0
13/06/2018,1,Sport,0,0,Grêmio,"Estádio Ilha do Retiro, Recife",19:30,,,14430, MG Ricardo Marques Ribeiro,319665.0
13/06/2018,1,Palmeiras,1,1,Flamengo,"Allianz Parque, São Paulo",21:00,Willian 6',55' Matheus Thuler,36882, SC Bráulio da Silva Machado,2598847.88
13/06/2018,1,Botafogo,2,0,Atlético Paranaense,"Estádio Engenhão, Rio de Janeiro",21:00,Rodrigo Lindoso 34' (pen) Renan Lodi 72',,10048, DF Rodrigo Batista Raposo,124805.0
13/06/2018,1,Atlético Mineiro,2,1,Ceará,"Estádio Independência, Belo Horizonte",21:45,Róger Guedes 81' Luan 90+1',78' Naldo,19654, SP Vinícius Furlan,303035.0
13/06/2018,1,Internacional,3,1,Vasco da Gama,"Estádio Beira-Rio, Porto Alegre",21:45,Nico López 11' Patrick 45' Cuesta 70',66' Andrey,21589, SP Raphael Claus,563585.0
13/06/2018,1,Bahia,1,0,Corinthians,"Arena Fonte Nova, Salvador",21:45,Mena 90+1',,15041, RS Leandro Pedro Vuaden,303678.5
18/07/2018,1,Ceará,1,0,Sport,"Estádio Presidente Vargas, Fortaleza",19:30,Arthur 53',,14558, RJ Grazianni Maciel Rocha,99236.0
18/07/2018,1,Vitória,1,0,Paraná,"Estádio Barradão, Salvador",21:00,André Lima 34',,6358, DF Sávio Pereira Sampaio,67088.5
18/07/2018,1,Flamengo,0,1,São Paulo,"Estádio do Maracanã, Rio de Janeiro",21:45,,47' Éverton,51777, PR Paulo Roberto Alves Júnior,1588687.0
18/07/2018,1,Corinthians,2,0,Botafogo,"Arena Corinthians, São Paulo",21:45,Rodriguinho 2' Romero 75',,19830, SC Rodrigo D'Alonso Ferreira,813687.13
18/07/2018,1,Grêmio,2,0,Atlético Mineiro,"Arena do Grêmio, Porto Alegre",21:45,Bressan 54' André 58',,20311, SP Flávio Rodrigues de Souza,637521.0
19/07/2018,1,Cruzeiro,3,1,América Mineiro,"Estádio Mineirão, Belo Horizonte",19:30,Arrascaeta 34' Robinho 59' Raniel 64',31' Christian,13160, SP Raphael Claus,294127.0
19/07/2018,1,Chapecoense,1,1,Bahia,"Arena Condá, Chapecó",19:30,Osman 84',78' Gilberto,7036, PR Rodolpho Toski Marques,156310.0
19/07/2018,1,Santos,1,1,Palmeiras,"Estádio do Pacaembu, São Paulo",20:00,Gustavo Henrique 74',5' Lucas Lima,23572, PA Dewson Fernando Freitas da Silva,748458.0
19/07/2018,1,Vasco da Gama,1,1,Fluminense,"Estádio São Januário, Rio de Janeiro",20:00,Ríos 60',89' Pedro,10571, SP Marcelo Aparecido Ribeiro de Souza,242405.0
19/07/2018,1,Atlético Paranaense,2,2,Internacional,"Arena da Baixada, Curitiba",21:00,Raphael Veiga 44' Paulo André 59',13' William Pottker 78' Wellington Silva,8184, MG Ricardo Marques Ribeiro,207770.0
21/07/2018,1,Flamengo,2,0,Botafogo,"Estádio do Maracanã, Rio de Janeiro",19:00,Matheus Sávio 4' Lucas Paquetá 7',,39861, SP Luiz Flávio de Oliveira,1121892.6
21/07/2018,1,São Paulo,3,1,Corinthians,"Estádio do Morumbi, São Paulo",21:00,"Anderson Martins 55' Reinaldo 69', 81'",90' Jonathas,58624, RJ Marcelo de Lima Henrique,2186542.5
22/07/2018,1,Bahia,4,1,Vitória,"Arena Fonte Nova, Salvador",16:00,Zé Rafael 14' Vinícius 25' Tiago 65' Gilberto 66',62' Lucas,24312, RJ Wagner do Nascimento Magalhães,453426.0
22/07/2018,1,Vasco da Gama,1,0,Grêmio,"Estádio São Januário, Rio de Janeiro",16:00,Ríos 2',,7567, MG Igor Junio Benevenuto de Oliveira,171160.0
22/07/2018,1,Paraná,1,0,América Mineiro,"Estádio Vila Capanema, Curitiba",16:00,Rodolfo 14',,3217, RS Anderson Daronco,63515.0
22/07/2018,1,Palmeiras,3,2,Atlético Mineiro,"Allianz Parque, São Paulo",16:00,"Moisés 2' Bruno Henrique 75', 90+3'",51' Luan 80' Chará,29246, PE Péricles Bassols,1907270.12
22/07/2018,1,Sport,1,2,Fluminense,"Estádio Ilha do Retiro, Recife",16:00,Gabriel 19',"17', 84' Pedro",7542, SC Bráulio da Silva Machado,171595.0
22/07/2018,1,Chapecoense,0,0,Santos,"Arena Condá, Chapecó",19:00,,,6558, MT Wagner Reway,167150.0
22/07/2018,1,Cruzeiro,2,1,Atlético Paranaense,"Estádio Mineirão, Belo Horizonte",19:00,Arrascaeta 65' Barcos 80',39' (pen) Guilherme,12083, RS Jean Pierre Gonçalves Lima,245910.0
23/07/2018,1,Internacional,1,0,Ceará,"Estádio Beira-Rio, Porto Alegre",20:00,William Pottker 76',,19227, RJ Bruno Arleu de Araújo,569225.0
25/07/2018,1,Fluminense,1,0,Palmeiras,"Estádio do Maracanã, Rio de Janeiro",19:30,Gilberto 42',,21462, SC Rodrigo D'Alonso Ferreira,565430.0
25/07/2018,1,Atlético Mineiro,2,0,Paraná,"Estádio Independência, Belo Horizonte",21:00,Leonardo Silva 38' Elias 73',,18143, RS Leandro Pedro Vuaden,262820.0
25/07/2018,1,Santos,1,1,Flamengo,"Estádio Vila Belmiro, Santos",21:45,Gabriel 33',3' Bruno Henrique,11843, BA Jaílson Macedo Freitas,292847.0
25/07/2018,1,Corinthians,2,0,Cruzeiro,"Arena Corinthians, São Paulo",21:45,"Romero 61', 79'",,21031, PR Paulo Roberto Alves Júnior,840676.01
26/07/2018,1,Vitória,1,0,Sport,"Estádio Barradão, Salvador",19:30,Erick 61',,5706, SP Vinícius Gonçalves Dias Araújo,57706.5
26/07/2018,1,Botafogo,1,0,Chapecoense,"Estádio Engenhão, Rio de Janeiro",19:30,Marcinho 55',,6913, DF Sávio Pereira Sampaio,128550.0
26/07/2018,1,Grêmio,2,1,São Paulo,"Arena do Grêmio, Porto Alegre",19:30,"Everton 45+3', 61'",4' Diego Souza,19865, RJ Grazianni Maciel Rocha,695732.0
26/07/2018,1,América Mineiro,2,1,Internacional,"Estádio Independência, Belo Horizonte",20:00,Juninho 6' Giovanni 35',89' Álvez,3458, SP Flávio Rodrigues de Souza,32026.0
29/08/2018,1,Ceará,0,2,Bahia,"Estádio Presidente Vargas, Fortaleza",19:30,,28' Lucas Fonseca 87' Gilberto,9780, ES Dyorgines José Padovani de Andrade,40300.0
29/08/2018,1,Atlético Paranaense,1,0,Vasco da Gama,"Arena da Baixada, Curitiba",19:30,Raphael Veiga 64',,11119, SC Rodrigo D'Alonso Ferreira,234605.0
28/07/2018,1,Ceará,1,0,Fluminense,"Estádio Presidente Vargas, Fortaleza",16:00,Leandro Carvalho 40',,11119, SP Leandro Bizzio Marinho,101067.0
29/07/2018,1,Palmeiras,3,0,Paraná,"Allianz Parque, São Paulo",11:00,"Bruno Henrique 16', 40' Lucas Lima 77'",,35776, MT Wagner Reway,2565986.14
29/07/2018,1,Vasco da Gama,1,4,Corinthians,"Estádio Nacional, Brasília",11:00,Yago Pikachu 45',"48', 56', 90+2' Romero 78' (pen) Jádson",33516, PA Dewson Fernando Freitas da Silva,1823665.0
29/07/2018,1,Flamengo,4,1,Sport,"Estádio do Maracanã, Rio de Janeiro",16:00,Réver 13' Lucas Paquetá 47' Éverton Ribeiro 50' Uribe 63',43' Cláudio Winck,53591, SP Marcelo Aparecido Ribeiro de Souza,1506319.0
29/07/2018,1,Internacional,3,0,Botafogo,"Estádio Beira-Rio, Porto Alegre",16:00,"William Pottker 27', 44' Leandro Damião 57'",,26608, MG Igor Junio Benevenuto,753455.0
29/07/2018,1,Cruzeiro,0,2,São Paulo,"Estádio Mineirão, Belo Horizonte",16:00,,26' Diego Souza 76' Éverton,21305, RJ Wagner do Nascimento Magalhães,641978.0
29/07/2018,1,Atlético Paranaense,4,0,Vitória,"Arena da Baixada, Curitiba",16:00,Marcelo Cirino 11' Marcinho 21' Wellington 45+2' Pablo 69',,8697, RS Anderson Daronco,155230.0
29/07/2018,1,Chapecoense,1,1,Grêmio,"Arena Condá, Chapecó",19:00,Elicarlos 62',3' Pepê,13659, RJ Rodrigo Carvalhaes de Miranda,681095.0
29/07/2018,1,Santos,0,1,América Mineiro,"Estádio Vila Belmiro, Santos",19:00,,39' (pen) Ruy,8691, PR Rafael Traci,155868.0
30/07/2018,1,Bahia,2,2,Atlético Mineiro,"Arena Fonte Nova, Salvador",20:00,Gilberto 84' Régis 90+4',5' Matheus Galdezani 90+2' Ricardo Oliveira,15993, GO Wilton Pereira Sampaio,275277.0
4/08/2018,1,Botafogo,0,0,Santos,"Estádio Engenhão, Rio de Janeiro",16:00,,,6261, PR Paulo Roberto Alves Júnior,122665.0
4/08/2018,1,Grêmio,2,0,Flamengo,"Arena do Grêmio, Porto Alegre",19:00,Jael 45+1' Marinho 48',,14649, PR Rafael Traci,499161.0
4/08/2018,1,Corinthians,0,0,Atlético Paranaense,"Arena Corinthians, São Paulo",21:00,,,28455, PE Péricles Bassols,1087600.64
5/08/2018,1,Vitória,1,1,Cruzeiro,"Estádio Barradão, Salvador",16:00,Neilton 71' (pen),75' Manoel,7193, GO Eduardo Tomaz de Aquino Valadão,86183.0
5/08/2018,1,São Paulo,2,1,Vasco da Gama,"Estádio do Morumbi, São Paulo",16:00,Rojas 1' Tréllez 80',54' Yago Pikachu,53437, SC Bráulio da Silva Machado,1863410.0
5/08/2018,1,Paraná,0,1,Ceará,"Estádio Vila Capanema, Curitiba",16:00,,14' Juninho Quixadá,8639, RJ Grazianni Maciel Rocha,162275.0
5/08/2018,1,América Mineiro,0,0,Palmeiras,"Estádio Independência, Belo Horizonte",16:00,,,6394, GO André Luiz de Freitas Castro,86756.0
5/08/2018,1,Fluminense,1,1,Bahia,"Estádio do Maracanã, Rio de Janeiro",19:00,Pedro 20',80' Edigar Junio,15461, SP Luiz Flávio de Oliveira,392845.0
5/08/2018,1,Sport,1,1,Chapecoense,"Estádio Ilha do Retiro, Recife",19:00,Carlos Henrique 90+1',12' Wellington Paulista,3938, MG Ricardo Marques Ribeiro,81640.0
6/08/2018,1,Atlético Mineiro,0,1,Internacional,"Estádio Independência, Belo Horizonte",20:00,,90+11' Edenílson,21327, BA Jaílson Macedo Freitas,334995.0
11/08/2018,1,Ceará,0,0,Atlético Paranaense,"Estádio Presidente Vargas, Fortaleza",16:00,,,13772, SP Luiz Flávio de Oliveira,105166.0
11/08/2018,1,Bahia,1,0,América Mineiro,"Arena Fonte Nova, Salvador",19:00,Gilberto 54',,19100, PE Péricles Bassols Pegado Cortez,375746.0
12/08/2018,1,Paraná,1,1,Botafogo,"Estádio Vila Capanema, Curitiba",11:00,Alex Santana 90+8',61' (pen) Rodrigo Lindoso,4831, SP Raphael Claus,95680.0
12/08/2018,1,Atlético Mineiro,3,1,Santos,"Estádio Independência, Belo Horizonte",11:00,"Elias 7' Ricardo Oliveira 70', 90+3'",26' Gabriel,21261, SC Rodrigo D'Alonso Ferreira,369140.0
12/08/2018,1,Flamengo,1,0,Cruzeiro,"Estádio do Maracanã, Rio de Janeiro",16:00,Henrique Dourado 21',,50402, PA Dewson Fernando Freitas da Silva,1530899.6
12/08/2018,1,Sport,1,3,São Paulo,"Estádio Ilha do Retiro, Recife",16:00,Marlone 85',29' Diego Souza 51' Nenê 89' Tréllez,12286, RS Anderson Daronco,311135.0
12/08/2018,1,Chapecoense,2,1,Corinthians,"Arena Condá, Chapecó",16:00,Diego Torres 69' Doffo 90+4',5' Marquinhos Gabriel,9367, RJ Grazianni Maciel Rocha,324005.0
12/08/2018,1,Palmeiras,1,0,Vasco da Gama,"Allianz Parque, São Paulo",19:00,Deyverson 60',,30012, GO Wilton Pereira Sampaio,1930884.8
12/08/2018,1,Grêmio,4,0,Vitória,"Arena do Grêmio, Porto Alegre",19:00,Douglas 12' Jailson 21' Pepê 58' Everton 82',,16146, RJ Bruno Arleu de Araújo,446803.0
13/08/2018,1,Fluminense,0,3,Internacional,"Estádio do Maracanã, Rio de Janeiro",20:00,,"23', 45+1' Nico López 39' Álvez",13735, DF Sávio Pereira Sampaio,351130.0
18/08/2018,1,Santos,3,0,Sport,"Estádio Vila Belmiro, Santos",16:00,Sasha 2' Rodrygo 82' Victor Ferraz 84',,10991, PA Dewson Fernando Freitas da Silva,185210.5
18/08/2018,1,Corinthians,0,1,Grêmio,"Arena Corinthians, São Paulo",19:00,,54' Everton,32583, MT Wagner Reway,1621165.44
19/08/2018,1,Atlético Paranaense,3,0,Flamengo,"Arena da Baixada, Curitiba",11:00,Pablo 9' Raphael Veiga 17' Zé Ivaldo 21',,20146, MG Igor Junio Benevenuto de Oliveira,744350.0
19/08/2018,1,Internacional,1,0,Paraná,"Estádio Beira-Rio, Porto Alegre",11:00,Camilo 90+6',,39693, SP Leandro Bizzio Marinho,1220310.0
19/08/2018,1,Cruzeiro,1,1,Bahia,"Estádio Mineirão, Belo Horizonte",16:00,Thiago Neves 64',61' Douglas Grolli,24367, RJ Bruno Arleu de Araújo,387435.0
19/08/2018,1,Vitória,0,3,Palmeiras,"Estádio Barradão, Salvador",16:00,,"11', 29' Deyverson 59' Dudu",8822, DF Rodrigo Batista Raposo,112783.0
19/08/2018,1,Botafogo,0,3,Atlético Mineiro,"Estádio Engenhão, Rio de Janeiro",16:00,,62' Luan 82' Cazares 90' Tomás Andrade,7465, SP Marcelo Aparecido Ribeiro de Souza,155440.0
19/08/2018,1,América Mineiro,0,0,Fluminense,"Estádio Independência, Belo Horizonte",19:00,,,3443, RN Caio Max Augusto Vieira,32872.0
19/08/2018,1,São Paulo,2,0,Chapecoense,"Estádio do Morumbi, São Paulo",19:00,Shaylon 3' Hudson 83',,41075, PR Rafael Traci,1348906.0
20/08/2018,1,Vasco da Gama,1,1,Ceará,"Estádio São Januário, Rio de Janeiro",20:00,Wagner 60',65' Tiago Alves,15093, SP Vinícius Gonçalves Dias Araújo,378105.0
8/08/2018,2,Ceará,1,1,Santos,"Estádio Presidente Vargas, Fortaleza",19:30,Arthur 78',86' Jean Mota,17047, RJ Marcelo de Lima Henrique,169435.0
22/08/2018,2,Bahia,0,1,Internacional,"Arena Fonte Nova, Salvador",19:30,,23' Patrick,18671, SC Rodrigo D'Alonso Ferreira,339261.0
22/08/2018,2,Paraná,1,1,São Paulo,"Estádio Vila Capanema, Curitiba",19:30,Júnior 37',8' Nenê,7635, PE Péricles Bassols,296420.0
22/08/2018,2,Palmeiras,2,0,Botafogo,"Allianz Parque, São Paulo",21:00,"Lucas Lima 78', 87'",,24882, RS Anderson Daronco,1446357.26
22/08/2018,2,Sport,0,2,América Mineiro,"Estádio Ilha do Retiro, Recife",21:00,,47' Luan 67' Rafael Moura,10753, BA Jaílson Macedo Freitas,112605.0
22/08/2018,2,Fluminense,1,0,Corinthians,"Estádio do Maracanã, Rio de Janeiro",21:45,Gum 17',,7856, MG Ricardo Marques Ribeiro,199795.0
22/08/2018,2,Grêmio,1,1,Cruzeiro,"Arena do Grêmio, Porto Alegre",21:45,Everton 60',44' Bruno Silva,12773, RJ Marcelo de Lima Henrique,398680.0
23/08/2018,2,Flamengo,1,0,Vitória,"Estádio do Maracanã, Rio de Janeiro",19:30,Diego 41',,48757, GO Wilton Pereira Sampaio,1090353.6
23/08/2018,2,Atlético Mineiro,0,0,Vasco da Gama,"Estádio Independência, Belo Horizonte",20:00,,,20903, RS Leandro Pedro Vuaden,381840.0
13/09/2018,2,Chapecoense,2,1,Atlético Paranaense,"Arena Condá, Chapecó",20:00,Bruno Guimarães 78' Leandro Pereira 88',61' Pablo,3560, SP Flávio Rodrigues de Souza,78150.0
25/08/2018,2,Santos,2,0,Bahia,"Estádio Vila Belmiro, Santos",16:00,González 56' Gabriel 73',,11564, SC Héber Roberto Lopes,201458.0
25/08/2018,2,Atlético Paranaense,2,1,Grêmio,"Arena da Baixada, Curitiba",19:00,Pablo 13' Jonathan 70',9' (pen) Cícero,12188, SP Marcelo Aparecido Ribeiro de Souza,349830.0
25/08/2018,2,Corinthians,1,0,Paraná,"Arena Corinthians, São Paulo",19:00,Henrique 36',,28136, GO André Luiz de Freitas Castro,1019205.58
25/08/2018,2,Cruzeiro,2,1,Fluminense,"Estádio Mineirão, Belo Horizonte",21:00,Raniel 14' Ayrton Lucas 73',27' Henrique,11380, PR Rafael Traci,158575.0
25/08/2018,2,Botafogo,2,0,Sport,"Estádio Engenhão, Rio de Janeiro",21:00,Carli 62' Aguirre 84',,5566, DF Sávio Pereira Sampaio,43980.0
26/08/2018,2,São Paulo,1,0,Ceará,"Estádio do Morumbi, São Paulo",11:00,Bruno Peres 77',,57323, MT Wagner Reway,2118120.04
26/08/2018,2,América Mineiro,2,2,Flamengo,"Estádio Independência, Belo Horizonte",16:00,Rafael Moura 22' Gerson Magrão 86',14' Éverton Ribeiro 60' Lucas Paquetá,10494, RS Jean Pierre Gonçalves Lima,166008.0
26/08/2018,2,Internacional,0,0,Palmeiras,"Estádio Beira-Rio, Porto Alegre",16:00,,,37668, RJ Bruno Arleu de Araújo,1241702.5
26/08/2018,2,Vitória,1,0,Atlético Mineiro,"Estádio Barradão, Salvador",16:00,Léo Ceará 68',,5954, SP Leandro Bizzio Marinho,58872.0
26/08/2018,2,Vasco da Gama,3,1,Chapecoense,"Estádio São Januário, Rio de Janeiro",19:00,Wagner 54' Maxi López 85' Thiago Galhardo 90+2',79' Leandro Pereira,8375, MG Igor Junio Benevenuto,178970.0
1/09/2018,2,Grêmio,4,0,Botafogo,"Arena do Grêmio, Porto Alegre",16:00,"Jael 11' (pen), 44' Alisson 60' André 75' (pen)",,14852, BA Jaílson Macedo Freitas,538966.0
1/09/2018,2,Vitória,1,0,América Mineiro,"Estádio Barradão, Salvador",16:00,Léo Ceará 56',,11799, SP Luiz Flávio de Oliveira,130653.5
1/09/2018,2,Vasco da Gama,0,3,Santos,"Estádio do Maracanã, Rio de Janeiro",19:00,,"4', 66', 81' Gabriel",31666, SC Bráulio da Silva Machado,871670.0
1/09/2018,2,Corinthians,1,1,Atlético Mineiro,"Arena Corinthians, São Paulo",21:00,Victor 20',36' (pen) Fábio Santos,29371, RJ Wagner do Nascimento Magalhães,1059954.9
2/09/2018,2,Flamengo,0,1,Ceará,"Estádio do Maracanã, Rio de Janeiro",11:00,,90' Leandro Carvalho,55147, SP Raphael Claus,1860048.0
2/09/2018,2,Atlético Paranaense,2,0,Bahia,"Arena da Baixada, Curitiba",16:00,Pablo 67' Rony 77',,11471, RS Leandro Pedro Vuaden,238580.0
2/09/2018,2,São Paulo,1,1,Fluminense,"Estádio do Morumbi, São Paulo",16:00,Tréllez 71',52' Anderson Martins,49348, PA Dewson Fernando Freitas da Silva,1881675.0
2/09/2018,2,Sport,1,0,Paraná,"Estádio Ilha do Retiro, Recife",16:00,Gabriel 14',,7956, MG Emerson de Almeida Ferreira,88950.0
2/09/2018,2,Cruzeiro,0,0,Internacional,"Estádio Mineirão, Belo Horizonte",19:00,,,13035, GO Wilton Pereira Sampaio,217050.0
2/09/2018,2,Chapecoense,1,2,Palmeiras,"Arena Condá, Chapecó",19:00,Rafael Thyere 60',13' Hyoran 51' Borja,3958, MG Ricardo Marques Ribeiro,186015.0
5/09/2018,2,Bahia,2,0,Sport,"Arena Fonte Nova, Salvador",19:30,Gilberto 52' Tiago 84',,13816, SP Marcelo Aparecido Ribeiro de Souza,210104.0
5/09/2018,2,Botafogo,1,1,Cruzeiro,"Estádio Engenhão, Rio de Janeiro",19:30,Luiz Fernando 10',36' Edílson,5320, SP Raphael Claus,70240.0
5/09/2018,2,Ceará,2,1,Corinthians,"Estádio Castelão, Fortaleza",20:00,Éverson 18' Danilo Avelar 56',71' Roger,39112, PR Rodolpho Toski Marques,1100839.0
5/09/2018,2,Paraná,1,1,Chapecoense,"Estádio Vila Capanema, Curitiba",21:00,Rafael Grampola 38',86' Diego Torres,2239, RJ Bruno Arleu de Araújo,34480.0
5/09/2018,2,Palmeiras,2,0,Atlético Paranaense,"Allianz Parque, São Paulo",21:00,Willian 70' Moisés 90+4' (pen),,24601, RJ Marcelo de Lima Henrique,1263083.14
5/09/2018,2,Internacional,2,1,Flamengo,"Estádio Beira-Rio, Porto Alegre",21:45,William Pottker 4' Rodrigo Dourado 58',56' Vitinho,30389, MG Ricardo Marques Ribeiro,842060.0
5/09/2018,2,Atlético Mineiro,1,0,São Paulo,"Estádio Independência, Belo Horizonte",21:45,Régis 6',,18688, RS Anderson Daronco,312455.0
6/09/2018,2,Fluminense,0,0,Vitória,"Estádio do Maracanã, Rio de Janeiro",19:00,,,8297, RS Jean Pierre Gonçalves Lima,170930.0
6/09/2018,2,Santos,0,0,Grêmio,"Estádio do Pacaembu, São Paulo",19:00,,,13238, GO Wilton Pereira Sampaio,335134.0
6/09/2018,2,América Mineiro,2,1,Vasco da Gama,"Estádio Independência, Belo Horizonte",20:00,Carlinhos 31' Gerson Magrão 80',78' (pen) Maxi López,4447, SC Héber Roberto Lopes,48329.0
8/09/2018,2,Sport,0,0,Cruzeiro,"Estádio Ilha do Retiro, Recife",16:00,,,5099, SP Vinícius Gonçalves Dias Araújo,53860.0
8/09/2018,2,São Paulo,1,0,Bahia,"Estádio do Morumbi, São Paulo",19:00,Diego Souza 60',,43555, GO André Luiz de Freitas Castro,1696417.5
8/09/2018,2,Flamengo,2,0,Chapecoense,"Estádio do Maracanã, Rio de Janeiro",21:00,Renê 44' Diego 57' (pen),,28983, SP Leandro Bizzio Marinho,739360.0
9/09/2018,2,Internacional,1,0,Grêmio,"Estádio Beira-Rio, Porto Alegre",16:00,Edenílson 58',,40078, PE Péricles Bassols,1375621.0
9/09/2018,2,Fluminense,1,0,Botafogo,"Estádio do Maracanã, Rio de Janeiro",16:00,Digão 10',,10031, RS Leandro Pedro Vuaden,231090.0
9/09/2018,2,América Mineiro,0,0,Ceará,"Estádio Independência, Belo Horizonte",16:00,,,3641, RS Daniel Nobre Bins,36625.0
9/09/2018,2,Palmeiras,1,0,Corinthians,"Allianz Parque, São Paulo",16:00,Deyverson 56',,38568, RS Jean Pierre Gonçalves Lima,2781213.42
9/09/2018,2,Paraná,0,2,Santos,"Estádio Vila Capanema, Curitiba",19:00,,"51', 77' Gabriel",4504, PA Dewson Fernando Freitas da Silva,154300.0
9/09/2018,2,Vitória,1,0,Vasco da Gama,"Estádio Barradão, Salvador",19:00,Erick 72',,10092, PR Paulo Roberto Alves Júnior,96348.0
10/09/2018,2,Atlético Mineiro,3,1,Atlético Paranaense,"Estádio Independência, Belo Horizonte",20:00,Leonardo Silva 25' Elias 66' Ricardo Oliveira 81',9' Iago Maidana,18069, SP Luiz Flávio de Oliveira,293068.0
15/09/2018,2,Ceará,2,0,Vitória,"Estádio Castelão, Fortaleza",16:00,Calyson 27' Samuel Xavier 48',,31502, SP Marcelo Aparecido Ribeiro de Souza,399507.0
15/09/2018,2,Grêmio,2,0,Paraná,"Arena do Grêmio, Porto Alegre",16:00,Douglas 53' (pen) Juninho Capixaba 63',,19278, MG Igor Junio Benevenuto,498716.0
15/09/2018,2,Vasco da Gama,1,1,Flamengo,"Estádio Nacional, Brasília",19:00,Ríos 27',61' Luiz Gustavo,54288, SP Luiz Flávio de Oliveira,2902950.0
16/09/2018,2,Botafogo,1,0,América Mineiro,"Estádio Engenhão, Rio de Janeiro",11:00,Rodrigo Lindoso 24',,23089, DF Rodrigo Batista Raposo,222515.0
16/09/2018,2,Cruzeiro,0,0,Atlético Mineiro,"Estádio Mineirão, Belo Horizonte",16:00,,,21675, PR Rafael Traci,1034262.0
16/09/2018,2,Atlético Paranaense,3,1,Fluminense,"Arena da Baixada, Curitiba",16:00,Raphael Veiga 17' Pablo 45+1' Léo Pereira 70',59' Luciano,9872, GO André Luiz de Freitas Castro,199670.0
16/09/2018,2,Bahia,1,1,Palmeiras,"Arena Fonte Nova, Salvador",16:00,Gilberto 17',77' Felipe Melo,24495, SC Héber Roberto Lopes,671382.0
16/09/2018,2,Santos,0,0,São Paulo,"Estádio Vila Belmiro, Santos",16:00,,,13488, MG Ricardo Marques Ribeiro,276596.0
16/09/2018,2,Corinthians,2,1,Sport,"Arena Corinthians, São Paulo",19:00,Jadson 59' Danilo Avelar 89',22' (pen) Hernane,20901, SC Rodrigo D'Alonso Ferreira,731299.3
17/09/2018,2,Chapecoense,2,1,Internacional,"Arena Condá, Chapecó",20:00,"Leandro Pereira 37', 82' (pen)",27' (pen) Nico López,16225, RJ Wagner do Nascimento Magalhães,847505.0
22/09/2018,2,São Paulo,1,1,América Mineiro,"Estádio do Morumbi, São Paulo",16:00,Diego Souza 45+1',80' Matheusinho,47846, GO Wilton Pereira Sampaio,1906143.0
23/09/2018,2,Grêmio,3,2,Ceará,"Arena do Grêmio, Porto Alegre",11:00,Geromel 20' Thonny Anderson 44' Luan 68',12' Luiz Otávio 26' Arthur,36789, PA Dewson Fernando Freitas da Silva,1523542.0
23/09/2018,2,Flamengo,2,1,Atlético Mineiro,"Estádio do Maracanã, Rio de Janeiro",16:00,Willian Arão 1' Lucas Paquetá 53',22' Leonardo Silva,36018, PR Rodolpho Toski Marques,1062984.5
23/09/2018,2,Corinthians,1,1,Internacional,"Arena Corinthians, São Paulo",16:00,Douglas 49',44' Leandro Damião,26916, GO Eduardo Tomaz de Aquino Valadão,1149396.6
23/09/2018,2,Atlético Paranaense,3,0,Paraná,"Arena da Baixada, Curitiba",16:00,Raphael Veiga 7' Pablo 33' Marcelo Cirino 88',,12956, SP Raphael Claus,299815.0
23/09/2018,2,Vitória,3,4,Botafogo,"Estádio Barradão, Salvador",18:00,Lucas Fernandes 1' Fabiano 50' Maurício Cordeiro 87',23' Kieza 42' Rodrigo Lindoso 53' Léo Gomes 63' Erik,9481, SP Vinícius Gonçalves Dias Araújo,76697.0
23/09/2018,2,Sport,0,1,Palmeiras,"Estádio Ilha do Retiro, Recife",18:00,,80' Willian,12254, PR Paulo Roberto Alves Júnior,139705.0
23/09/2018,2,Cruzeiro,2,1,Santos,"Estádio Mineirão, Belo Horizonte",19:00,Sassá 46' Raniel 83',15' Gabriel,5534, SC Bráulio da Silva Machado,78179.5
24/09/2018,2,Chapecoense,1,2,Fluminense,"Arena Condá, Chapecó",20:00,Leandro Pereira 79',11' Everaldo 36' Sornoza,4528, RS Anderson Daronco,101065.0
24/09/2018,2,Vasco da Gama,2,1,Bahia,"Estádio São Januário, Rio de Janeiro",20:00,Yago Pikachu 32' (pen) Marrony 78',45+4' Gilberto,12804, RS Leandro Pedro Vuaden,285695.0
29/09/2018,2,Fluminense,0,1,Grêmio,"Estádio Engenhão, Rio de Janeiro",16:00,,90+3' Everton,7922, SP Raphael Claus,152190.0
29/09/2018,2,América Mineiro,0,0,Corinthians,"Estádio Independência, Belo Horizonte",19:00,,,6617, RJ Marcelo de Lima Henrique,99755.0
29/09/2018,2,Bahia,0,0,Flamengo,"Arena Fonte Nova, Salvador",21:00,,,31059, MG Igor Junio Benevenuto,1171225.0
30/09/2018,2,Palmeiras,3,1,Cruzeiro,"Estádio do Pacaembu, São Paulo",11:00,Lucas Lima 22' Hyoran 41' Gómez 65' (pen),30' (pen) Mancuello,32440, PA Dewson Fernando Freitas da Silva,1260130.0
30/09/2018,2,Internacional,2,1,Vitória,"Estádio Beira-Rio, Porto Alegre",16:00,Leandro Damião 62' D'Alessandro 85' (pen),1' Emerson,33347, DF Sávio Pereira Sampaio,921900.0
30/09/2018,2,Santos,1,0,Atlético Paranaense,"Estádio Vila Belmiro, Santos",16:00,Sánchez 90+6' (pen),,7802, RN Caio Max Augusto Vieira,141227.0
30/09/2018,2,Botafogo,2,2,São Paulo,"Estádio Engenhão, Rio de Janeiro",16:00,Jean 4' Kieza 24',7' Diego Souza 62' Carneiro,18403, PR Rafael Traci,285760.0
30/09/2018,2,Atlético Mineiro,5,2,Sport,"Estádio Independência, Belo Horizonte",16:00,Elias 8' Fábio Santos 25' (pen) Emerson 27' Cazares 29' Ricardo Oliveira 69',6' Leonardo Silva 56' Michel Bastos,21120, SP Leandro Bizzio Marinho,252708.0
30/09/2018,2,Ceará,3,1,Chapecoense,"Estádio Castelão, Fortaleza",19:00,Valdo 55' Arthur 58' Leandro Carvalho 76',34' Doffo,27485, GO Wilton Pereira Sampaio,310170.0
1/10/2018,2,Paraná,1,1,Vasco da Gama,"Estádio Vila Capanema, Curitiba",20:00,Alex Santana 8',45+4' (pen) Maxi López,3210, SP Flávio Rodrigues de Souza,100535.0
5/10/2018,2,Sport,2,1,Internacional,"Estádio Ilha do Retiro, Recife",19:00,Adryelson 78' Mateus Gonçalves 87',66' Nico López,4975, GO André Luiz de Freitas Castro,52510.0
5/10/2018,2,Corinthians,0,3,Flamengo,"Arena Corinthians, São Paulo",21:00,,"59', 65' Lucas Paquetá 90+1' Renê",41693, PR Paulo Roberto Alves Júnior,1381719.0
5/10/2018,2,Vitória,0,1,Santos,"Estádio Barradão, Salvador",21:30,,8' Sánchez,7478, RS Daniel Nobre Bins,57716.0
6/10/2018,2,Atlético Paranaense,4,0,América Mineiro,"Arena da Baixada, Curitiba",16:00,Marcelo Cirino 1' Raphael Veiga 40' Nikão 55' Pablo 74',,6817, SP Raphael Claus,116800.0
6/10/2018,2,Chapecoense,1,0,Atlético Mineiro,"Arena Condá, Chapecó",16:00,Doffo 90+2',,9484, SP Luiz Flávio de Oliveira,198705.0
6/10/2018,2,São Paulo,0,2,Palmeiras,"Estádio do Morumbi, São Paulo",18:00,,33' Gómez 37' Deyverson,56694, GO Wilton Pereira Sampaio,2959044.0
6/10/2018,2,Grêmio,2,2,Bahia,"Arena do Grêmio, Porto Alegre",21:00,Juninho Capixaba 83' Jael 86' (pen),"2', 66' Élber",29612, PR Rodolpho Toski Marques,992980.0
8/10/2018,2,Fluminense,4,0,Paraná,"Estádio do Maracanã, Rio de Janeiro",20:00,"Jadson 34', 47' Richard 40' Luciano 84'",,6223, SP Marcelo Aparecido Ribeiro de Souza,128405.0
9/10/2018,2,Botafogo,1,1,Vasco da Gama,"Estádio Engenhão, Rio de Janeiro",21:00,Luiz Fernando 17',36' Maxi López,9357, MG Ricardo Marques Ribeiro,179210.0
24/10/2018,2,Cruzeiro,0,2,Ceará,"Estádio Mineirão, Belo Horizonte",19:30,,"63', 81' Arthur",12058, SP Flávio Rodrigues de Souza,204315.0
13/10/2018,2,Flamengo,3,0,Fluminense,"Estádio do Maracanã, Rio de Janeiro",17:00,"Uribe 10', 48' Léo Duarte 45+1'",,48894, GO Wilton Pereira Sampaio,1140402.0
13/10/2018,2,Santos,1,0,Corinthians,"Estádio do Pacaembu, São Paulo",19:00,Gabriel 20',,24123, PE Péricles Bassols,778974.5
13/10/2018,2,Bahia,2,0,Paraná,"Estádio de Pituaçu, Salvador",21:00,"Vinícius 85', 89'",,29215, RS Jean Pierre Gonçalves Lima,256259.0
14/10/2018,2,Chapecoense,0,1,Vitória,"Arena Condá, Chapecó",11:00,,38' Lucas Fernandes,5717, RS Leandro Pedro Vuaden,116000.0
14/10/2018,2,Vasco da Gama,2,0,Cruzeiro,"Estádio São Januário, Rio de Janeiro",16:00,Yago Pikachu 49' Maxi López 70',,10841, SP Marcelo Aparecido Ribeiro de Souza,249945.0
14/10/2018,2,Palmeiras,2,0,Grêmio,"Estádio do Pacaembu, São Paulo",16:00,"Deyverson 8', 79'",,32915, MG Ricardo Marques Ribeiro,1254125.0
14/10/2018,2,Internacional,3,1,São Paulo,"Estádio Beira-Rio, Porto Alegre",16:00,"Leandro Damião 45+1', 52' Nico López 90+5' (pen)",3' Liziero,40345, SC Bráulio da Silva Machado,1307521.0
14/10/2018,2,Atlético Mineiro,0,0,América Mineiro,"Estádio Indepedência, Belo Horizonte",19:00,,,19362, SP Flávio Rodrigues de Souza,181204.0
14/10/2018,2,Atlético Paranaense,4,0,Sport,"Arena da Baixada, Curitiba",19:00,"Thiago Heleno 47' Bérgson 55' (pen), 83' Rony 85'",,9139, MT Wagner Reway,196235.0
15/10/2018,2,Ceará,0,0,Botafogo,"Estádio Castelão, Fortaleza",20:00,,,29394, SP Raphael Claus,402313.0
20/10/2018,2,Botafogo,0,1,Bahia,"Estádio Engenhão, Rio de Janeiro",16:00,,47' Edigar Junio,7097, RS Anderson Daronco,107695.0
20/10/2018,2,América Mineiro,1,1,Grêmio,"Estádio Indepedência, Belo Horizonte",16:00,Juninho 36',65' (pen) Jean Pyerre,4511, SP Luiz Flávio de Oliveira,45085.0
20/10/2018,2,São Paulo,0,0,Atlético Paranaense,"Estádio do Morumbi, São Paulo",19:00,,,13053, PE Péricles Bassols,495527.0
20/10/2018,2,Sport,2,1,Vasco da Gama,"Estádio Ilha do Retiro, Recife",19:00,Mateus Gonçalves 24' Cláudio Winck 67',38' Fabrício,8035, GO Wilton Pereira Sampaio,86355.0
21/10/2018,2,Vitória,2,2,Corinthians,"Estádio Barradão, Salvador",16:00,Rhayner 8' Neilton 90+2',30' Jadson 90' Roger,17982, PR Rafael Traci,188897.0
21/10/2018,2,Fluminense,1,0,Atlético Mineiro,"Estádio Engenhão, Rio de Janeiro",16:00,Luciano 62',,4404, RS Jean Pierre Gonçalves Lima,81545.0
21/10/2018,2,Palmeiras,2,1,Ceará,"Estádio do Pacaembu, São Paulo",16:00,"Bruno Henrique 17' (pen), 34'",54' Arthur,33355, GO André Luiz de Freitas Castro,1178690.0
21/10/2018,2,Paraná,0,4,Flamengo,"Estádio Vila Capanema, Curitiba",19:00,,19' Lucas Paquetá 51' Vitinho 57' Uribe 90+1' Henrique Dourado,4271, SC Bráulio da Silva Machado,269185.0
21/10/2018,2,Cruzeiro,3,0,Chapecoense,"Estádio Independência, Belo Horizonte",19:00,Thiago Neves 22' Arrascaeta 30' Dedé 44',,8251, SP Raphael Claus,163169.0
22/10/2018,2,Internacional,2,2,Santos,"Estádio Beira-Rio, Porto Alegre",20:00,Leandro Damião 43' Patrick 70',50' Gabriel 78' Fabiano,37523, MG Ricardo Marques Ribeiro,1082715.0
26/10/2018,2,Vitória,0,1,São Paulo,"Estádio Barradão, Salvador",19:30,,37' Bruno Alves,11283, RS Leandro Pedro Vuaden,122074.0
26/10/2018,2,Vasco da Gama,1,1,Internacional,"Estádio São Januário, Rio de Janeiro",21:30,Maxi López 90+2' (pen),85' Álvez,8301, MG Igor Junio Benevenuto,262320.0
27/10/2018,2,Grêmio,3,4,Sport,"Arena do Grêmio, Porto Alegre",16:30,Matheus Henrique 37' Juninho Capixaba 51' (pen) Thonny Anderson 58',"6', 63' Jair 29' Mateus Gonçalves 52' Gabriel",12165, PA Dewson Fernando Freitas da Silva,329685.0
27/10/2018,2,Santos,3,0,Fluminense,"Estádio Vila Belmiro, Santos",16:30,Gabriel 83' (pen) Victor Ferraz 87' Sánchez 88',,8680, SC Héber Roberto Lopes,165563.5
27/10/2018,2,Flamengo,1,1,Palmeiras,"Estádio do Maracanã, Rio de Janeiro",19:00,Marlos 80',49' Dudu,58613, PR Rafael Traci,1452823.0
27/10/2018,2,Chapecoense,1,0,América Mineiro,"Arena Condá, Chapecó",19:00,Wellington Paulista 59',,12638, GO Wilton Pereira Sampaio,217270.0
27/10/2018,2,Corinthians,2,1,Bahia,"Arena Corinthians, São Paulo",19:00,"Danilo 46', 88'",84' (pen) Clayton,35382, RS Anderson Daronco,1116596.5
27/10/2018,2,Cruzeiro,3,1,Paraná,"Estádio Mineirão, Belo Horizonte",21:00,Arrascaeta 9' Fred 14' Rafael Sóbis 46' (pen),19' Egídio,6377, RJ Marcelo de Lima Henrique,104923.0
27/10/2018,2,Atlético Paranaense,2,1,Botafogo,"Arena da Baixada, Curitiba",21:00,Bérgson 55' Pablo 83',29' (pen) Brenner,7133, SP Marcelo Aparecido Ribeiro de Souza,132970.0
29/10/2018,2,Ceará,2,1,Atlético Mineiro,"Estádio Castelão, Fortaleza",20:00,Juninho Quixadá 9' Leandro Carvalho 62',25' Cazares,36627, MT Wagner Reway,477896.0
3/11/2018,2,Atlético Mineiro,0,1,Grêmio,"Estádio Independência, Belo Horizonte",17:00,,2' Geromel,14873, RJ Wagner do Nascimento Magalhães,143816.0
3/11/2018,2,Fluminense,0,1,Vasco da Gama,"Estádio do Maracanã, Rio de Janeiro",17:00,,58' (pen) Maxi López,12728, SP Luiz Flávio de Oliveira,343255.0
3/11/2018,2,Palmeiras,3,2,Santos,"Allianz Parque, São Paulo",19:00,Dudu 14' Edu Dracena 39' Victor Luis 70',54' Copete 64' Dodô,38938, SC Bráulio da Silva Machado,2723126.86
4/11/2018,2,São Paulo,2,2,Flamengo,"Estádio do Morumbi, São Paulo",17:00,Diego Souza 7' Helinho 50',8' Uribe 81' Rodinei,32612, GO Wilton Pereira Sampaio,1109117.0
4/11/2018,2,Paraná,1,1,Vitória,"Estádio Vila Capanema, Curitiba",17:00,Alex Santana 58',82' Léo Ceará,931, SP Raphael Claus,15030.0
4/11/2018,2,América Mineiro,1,2,Cruzeiro,"Estádio Independência, Belo Horizonte",17:00,Rafael Moura 70' (pen),17' Arrascaeta 49' (pen) Thiago Neves,8056, SC Héber Roberto Lopes,98805.0
4/11/2018,2,Botafogo,1,0,Corinthians,"Estádio Engenhão, Rio de Janeiro",17:00,Rodrigo Lindoso 27',,19994, RS Leandro Pedro Vuaden,195995.0
4/11/2018,2,Bahia,1,0,Chapecoense,"Arena Fonte Nova, Salvador",19:00,Élber 67',,17448, SP Flávio Rodrigues de Souza,294869.0
4/11/2018,2,Internacional,2,1,Atlético Paranaense,"Estádio Beira-Rio, Porto Alegre",19:00,Rodrigo Moledo 82' D'Alessandro 90+4' (pen),64' Camacho,28332, SC Rodrigo D'Alonso Ferreira,741820.0
5/11/2018,2,Sport,1,0,Ceará,"Estádio Ilha do Retiro, Recife",20:00,Gabriel 53',,16203, RS Anderson Daronco,265185.0
10/11/2018,2,América Mineiro,0,1,Paraná,"Estádio Independência, Belo Horizonte",16:00,,89' Andrey,3692, MT Wagner Reway,31835.0
10/11/2018,2,Corinthians,1,1,São Paulo,"Arena Corinthians, São Paulo",17:00,Ralf 71',80' Brenner,42845, PR Rodolpho Toski Marques,1911492.99
10/11/2018,2,Botafogo,2,1,Flamengo,"Estádio Engenhão, Rio de Janeiro",19:00,Erik 18' Valencia 28',48' Vitinho,18276, SC Bráulio da Silva Machado,169885.0
10/11/2018,2,Atlético Paranaense,2,0,Cruzeiro,"Arena da Baixada, Curitiba",19:00,Marcelo Cirino 9' Raphael Veiga 21',,7720, RS Anderson Daronco,174170.0
11/11/2018,2,Vitória,2,2,Bahia,"Estádio Barradão, Salvador",17:00,"Léo Ceará 7', 66'",38' Nílton 70' Ramires,21714, SP Luiz Flávio de Oliveira,190868.0
11/11/2018,2,Grêmio,2,1,Vasco da Gama,"Arena do Grêmio, Porto Alegre",17:00,Jael 19' Matheus Henrique 90+4',12' Thiago Galhardo,20763, SP Raphael Claus,666258.0
11/11/2018,2,Atlético Mineiro,1,1,Palmeiras,"Estádio Independência, Belo Horizonte",17:00,Elias 63',76' (pen) Bruno Henrique,18717, GO Wilton Pereira Sampaio,222650.0
11/11/2018,2,Ceará,1,1,Internacional,"Estádio Castelão, Fortaleza",17:00,Ricardinho 41',15' Leandro Damião,42149, PA Dewson Fernando Freitas da Silva,739883.0
11/11/2018,2,Fluminense,0,0,Sport,"Estádio do Maracanã, Rio de Janeiro",19:00,,,11630, SP Flávio Rodrigues de Souza,85355.0
12/11/2018,2,Santos,0,1,Chapecoense,"Estádio do Pacaembu, São Paulo",20:00,,28' Leandro Pereira,10792, PR Rafael Traci,334014.5
14/11/2018,2,Vasco da Gama,1,1,Atlético Paranaense,"Estádio São Januário, Rio de Janeiro",19:30,Thiago Galhardo 66' (pen),90+4' Léo Pereira,20212, RS Leandro Pedro Vuaden,306340.0
14/11/2018,2,Bahia,2,1,Ceará,"Arena Fonte Nova, Salvador",21:00,Zé Rafael 43' Edigar Junio 90+2',7' Calyson,17884, SP Raphael Claus,328821.0
14/11/2018,2,Paraná,0,1,Atlético Mineiro,"Estádio Vila Capanema, Curitiba",21:00,,13' (pen) Fábio Santos,1140, RJ Wagner do Nascimento Magalhães,22940.0
14/11/2018,2,Sport,0,0,Vitória,"Estádio Ilha do Retiro, Recife",21:45,,,14475, RS Anderson Daronco,214425.0
14/11/2018,2,Palmeiras,3,0,Fluminense,"Allianz Parque, São Paulo",21:45,Borja 40' Felipe Melo 82' Luan 89',,37430, SC Bráulio da Silva Machado,2480931.96
14/11/2018,2,Cruzeiro,1,0,Corinthians,"Estádio Mineirão, Belo Horizonte",21:45,David 13',,8151, RS Jean Pierre Gonçalves Lima,128669.0
15/11/2018,2,Flamengo,1,0,Santos,"Estádio do Maracanã, Rio de Janeiro",17:00,Henrique Dourado 72',,43547, PR Paulo Roberto Alves Júnior,1136024.0
15/11/2018,2,Chapecoense,0,1,Botafogo,"Arena Condá, Chapecó",17:00,,72' Luiz Fernando,16593, SP Luiz Flávio de Oliveira,255850.0
15/11/2018,2,São Paulo,1,1,Grêmio,"Estádio do Morumbi, São Paulo",19:00,Michel 73',56' Everton,24757, PE Péricles Bassols,759161.0
15/11/2018,2,Internacional,2,0,América Mineiro,"Estádio Beira-Rio, Porto Alegre",21:00,Leandro Damião 23' Edenílson 45',,25654, GO Wilton Pereira Sampaio,654065.0
17/11/2018,2,Vitória,1,2,Atlético Paranaense,"Estádio Barradão, Salvador",19:00,Neilton 90+2' (pen),26' Ramon 86' Bruno Guimarães,8440, SP Flávio Rodrigues de Souza,61140.0
17/11/2018,2,Corinthians,1,0,Vasco da Gama,"Arena Corinthians, São Paulo",19:00,Mateus Vital 50',,38605, GO Wilton Pereira Sampaio,1350667.5
17/11/2018,2,Atlético Mineiro,1,0,Bahia,"Estádio Independência, Belo Horizonte",20:00,Cazares 52',,16601, SP Marcelo Aparecido Ribeiro de Souza,112493.0
18/11/2018,2,Sport,0,1,Flamengo,"Estádio Ilha do Retiro, Recife",17:00,,82' Willian Arão,18548, SP Raphael Claus,283760.0
18/11/2018,2,Paraná,1,1,Palmeiras,"Estádio do Café, Londrina",17:00,Keslley 35',54' (pen) Gustavo Scarpa,25076, RJ Bruno Arleu de Araújo,1953570.0
18/11/2018,2,Botafogo,1,0,Internacional,"Estádio Engenhão, Rio de Janeiro",17:00,Erik 42',,17373, PR Rafael Traci,156802.5
18/11/2018,2,América Mineiro,2,1,Santos,"Estádio Independência, Belo Horizonte",17:00,Rafael Moura 31' Matheuzinho 65',45+1' Gabriel,2079, PA Dewson Fernando Freitas da Silva,31955.0
18/11/2018,2,Grêmio,2,0,Chapecoense,"Arena do Grêmio, Porto Alegre",19:00,Cícero 23' Everton 75',,13266, SP Leandro Bizzio Marinho,394042.0
18/11/2018,2,São Paulo,1,0,Cruzeiro,"Estádio do Morumbi, São Paulo",19:00,Diego Souza 30',,14058, SC Héber Roberto Lopes,380708.0
19/11/2018,2,Fluminense,0,0,Ceará,"Estádio do Maracanã, Rio de Janeiro",20:00,,,5945, RS Anderson Daronco,105015.0
21/11/2018,2,Internacional,1,2,Atlético Mineiro,"Estádio Beira-Rio, Porto Alegre",19:30,D'Alessandro 82' (pen),42' Cazares 90+2' Terans,22299, SP Raphael Claus,510090.0
21/11/2018,2,Santos,1,1,Botafogo,"Estádio Vila Belmiro, Santos",21:00,Rodrygo 35',59' Brenner,3620, SC Héber Roberto Lopes,64715.5
21/11/2018,2,Flamengo,2,0,Grêmio,"Estádio do Maracanã, Rio de Janeiro",21:45,Uribe 46' Diego 89',,33932, SC Bráulio da Silva Machado,701361.0
21/11/2018,2,Cruzeiro,3,0,Vitória,"Estádio Mineirão, Belo Horizonte",21:45,"Aderllan 42' Fred 54' (pen), 71'",,1914, SP Leandro Bizzio Marinho,21781.0
21/11/2018,2,Atlético Paranaense,1,0,Corinthians,"Arena da Baixada, Curitiba",21:45,Léo Pereira 51',,14390, RJ Marcelo de Lima Henrique,422925.0
21/11/2018,2,Palmeiras,4,0,América Mineiro,"Allianz Parque, São Paulo",21:45,Luan 58' Willian 75' Dudu 77' Deyverson 82',,39429, PR Paulo Roberto Alves Júnior,2615582.46
22/11/2018,2,Vasco da Gama,2,0,São Paulo,"Estádio São Januário, Rio de Janeiro",20:00,Andrey 17' Yago Pikachu 90+4',,14426, RS Anderson Daronco,354345.0
22/11/2018,2,Chapecoense,2,1,Sport,"Arena Condá, Chapecó",21:00,"Leandro Pereira 3' (pen), 7'",67' Michel Bastos,11740, RS Leandro Pedro Vuaden,187190.0
22/11/2018,2,Bahia,2,0,Fluminense,"Arena Fonte Nova, Salvador",21:00,Zé Rafael 53' Edigar Junio 55',,16437, SP Flávio Rodrigues de Souza,306198.0
22/11/2018,2,Ceará,1,0,Paraná,"Estádio Castelão, Fortaleza",21:00,Juninho 32' (pen),,48077, SP Luiz Flávio de Oliveira,541183.0
24/11/2018,2,Santos,3,2,Atlético Mineiro,"Estádio Vila Belmiro, Santos",20:00,Sánchez 1' Felippe Cardoso 33' Gabriel 36',"16', 52' Ricardo Oliveira",4591, RS Leandro Pedro Vuaden,89946.5
25/11/2018,2,Cruzeiro,0,2,Flamengo,"Estádio Mineirão, Belo Horizonte",17:00,,"7', 51' Éverton Ribeiro",17445, RS Jean Pierre Gonçalves Lima,343624.0
25/11/2018,2,Vasco da Gama,0,1,Palmeiras,"Estádio São Januário, Rio de Janeiro",17:00,,71' Deyverson,21066, PR Rafael Traci,596810.0
25/11/2018,2,Atlético Paranaense,2,2,Ceará,"Arena da Baixada, Curitiba",17:00,Marcinho 53' González 57',25' Leandro Carvalho 82' Wescley,9632, SP Leandro Bizzio Marinho,191850.0
25/11/2018,2,Vitória,0,0,Grêmio,"Estádio Barradão, Salvador",17:00,,,3614, SP Raphael Claus,18835.0
25/11/2018,2,América Mineiro,1,0,Bahia,"Estádio Independência, Belo Horizonte",19:00,Juninho 47',,3747, SP Marcelo Aparecido Ribeiro de Souza,19635.0
25/11/2018,2,Corinthians,0,0,Chapecoense,"Arena Corinthians, São Paulo",19:00,,,35888, PR Paulo Roberto Alves Júnior,1219472.0
25/11/2018,2,Internacional,2,0,Fluminense,"Estádio Beira-Rio, Porto Alegre",19:00,"Nico López 75', 89'",,27535, SC Héber Roberto Lopes,656330.0
26/11/2018,2,São Paulo,0,0,Sport,"Estádio do Morumbi, São Paulo",20:00,,,15235, GO André Luiz de Freitas Castro,454321.0
26/11/2018,2,Botafogo,2,1,Paraná,"Estádio Engenhão, Rio de Janeiro",20:00,"Erik 6', 74'",63' Alex Santana,27480, MG Igor Junio Benevenuto,301970.0
1/12/2018,2,Flamengo,1,2,Atlético Paranaense,"Estádio do Maracanã, Rio de Janeiro",19:00,Rhodolfo 23',65' Matheus Rossetto 71' Roni,62994, SP Flávio Rodrigues de Souza,697255.0
1/12/2018,2,Atlético Mineiro,1,0,Botafogo,"Estádio Independência, Belo Horizonte",19:00,Cazares 18',,19171, SC Bráulio da Silva Machado,313452.0
2/12/2018,2,Paraná,1,1,Internacional,"Estádio Vila Capanema, Curitiba",17:00,Jhonny Lucas 90+1',65' Álvez,2228, RJ Rodrigo Carvalhaes de Miranda,88495.0
2/12/2018,2,Chapecoense,1,0,São Paulo,"Arena Condá, Chapecó",17:00,Leandro Pereira 67',,19226, GO Wilton Pereira Sampaio,331630.0
2/12/2018,2,Bahia,0,0,Cruzeiro,"Estádio de Pituaçu, Salvador",17:00,,,27776, RJ Bruno Arleu de Araújo,338691.0
2/12/2018,2,Fluminense,1,0,América Mineiro,"Estádio do Maracanã, Rio de Janeiro",17:00,Richard 40',,34870, PR Rafael Traci,139932.5
2/12/2018,2,Ceará,0,0,Vasco da Gama,"Estádio Castelão, Fortaleza",17:00,,,57223, SP Raphael Claus,1128494.0
2/12/2018,2,Palmeiras,3,2,Vitória,"Allianz Parque, São Paulo",17:00,Edu Dracena 42' Gustavo Scarpa 56' Bruno Henrique 89',70' (pen) Yago 72' Luan,41256, SC Héber Roberto Lopes,3514618.3
2/12/2018,2,Grêmio,1,0,Corinthians,"Arena do Grêmio, Porto Alegre",17:00,Jael 11',,38974, MG Ricardo Marques Ribeiro,1450578.0
2/12/2018,2,Sport,2,1,Santos,"Estádio Ilha do Retiro, Recife",17:00,Rogério 83' Hernane 90+1',90+3' Rodrygo,15214, RS Anderson Daronco,225305.0
